{
  "image_size": [
    1280,
    720
  ],
  "camera_matrix": [
    [
      1057.009360525334,
      0.0,
      623.0083341343283
    ],
    [
      0.0,
      1073.1818871412167,
      342.4242267996558
    ],
    [
      0.0,
      0.0,
      1.0
    ]
  ],
  "distortion_coeffs": [
    -0.04971779531651765,
    3.3233325186183347,
    0.007849815467717612,
    0.001565375079538952,
    -26.97175946926294
  ],
  "distortion_model": "opencv_plumb_bob",
  "reprojection_error_px": 0.34327415786123905,
  "frames_sampled": 715,
  "frames_used": 11
}